input,output
-5.0,0.2836621854261447
-4.0,-0.653643620861662
-3.0,-0.9899924965743564
-2.0,-0.4161468365228343
-1.0,0.5403023058602434
