input,output
-5.0,1.0428352127366003
-4.0,1.321348708718888
-3.0,-7.086167395557041
-2.0,-1.099750170289453
-1.0,-1.1883951057770452
