input,output
1.0,0.0
2.0,0.6931471805599453
3.0,1.0986122886248038
4.0,1.3862943611198906
5.0,1.6094379123837939
