input,output
1.0,0.0
2.0,1.0
3.0,1.584962500658679
4.0,2.0
5.0,2.3219280948147856
