input,output
1.0,0.0
2.0,0.6309297535963279
3.0,1.0
4.0,1.2618595071926557
5.0,1.4649735207298837
