input,output
1.0,0.0
2.0,0.30102999567055805
3.0,0.47712125471127903
4.0,0.6020599913411161
5.0,0.698970004329442
