input,output
-5.0,-0.012150730058057863
-4.0,0.21004753352623348
-3.0,-8.005245047645676
-2.0,-0.8738043908542384
-1.0,1.1823949217846086
1.0,NaN
2.0,-0.3921171848893872
3.0,-0.3423929916402084
4.0,-0.18217437843765827
5.0,0.013520178101549972
