input,output
-5.0,3.525320086276934
-4.0,-1.5298856564709615
-3.0,-1.010108665934613
-2.0,-2.4029979618627455
-1.0,1.8508157177079745
