input,output
-5.0,0.9589242746951434
-4.0,0.7568024953606295
-3.0,-0.1411200080634548
-2.0,-0.909297426829951
-1.0,-0.8414709848086585
