input,output
-5.0,3.380515006801329
-4.0,-1.1578212824336584
-3.0,0.14254654308165812
-2.0,2.1850398633994113
-1.0,-1.5574077246790734
